company,title,link,place,time
DHL,Software Engineer(Java),https://in.linkedin.com/jobs/view/software-engineer-java-at-dhl-3971194428?position=1&pageNum=0&refId=JV2jUUWD8RVph77PBPhLuQ%3D%3D&trackingId=d0ddVcYH9N19CdjjtItNFA%3D%3D&trk=public_jobs_jserp-result_search-card,"Chennai, Tamil Nadu, India",2024-07-12
Amnish HR Services,HTML Developer,https://in.linkedin.com/jobs/view/html-developer-at-amnish-hr-services-3983004529?position=2&pageNum=0&refId=JV2jUUWD8RVph77PBPhLuQ%3D%3D&trackingId=6P5hfJ8Zi3vWPyShD0SrMA%3D%3D&trk=public_jobs_jserp-result_search-card,"Chennai, Tamil Nadu, India",2024-07-01
OptiRisk India,Web / UI Developer (HTML5 / CSS3 / JavaScript),https://in.linkedin.com/jobs/view/web-ui-developer-html5-css3-javascript-at-optirisk-india-3912866511?position=3&pageNum=0&refId=JV2jUUWD8RVph77PBPhLuQ%3D%3D&trackingId=NWZkFiTs3aM7%2FzFVDP8qyg%3D%3D&trk=public_jobs_jserp-result_search-card,"Chennai, Tamil Nadu, India",2024-05-01
Stockarea,Front End Developer in Chennai,https://in.linkedin.com/jobs/view/front-end-developer-in-chennai-at-stockarea-3981370541?position=4&pageNum=0&refId=JV2jUUWD8RVph77PBPhLuQ%3D%3D&trackingId=CmvS%2BJnQjS67daeZmBX01Q%3D%3D&trk=public_jobs_jserp-result_search-card,"Chennai, Tamil Nadu, India",2024-07-23
GVR BUSINESS TRANSFORMS,Frontend Developer,https://in.linkedin.com/jobs/view/frontend-developer-at-gvr-business-transforms-3973947775?position=5&pageNum=0&refId=JV2jUUWD8RVph77PBPhLuQ%3D%3D&trackingId=ByN5wWYIDUbWH3DJju5PSA%3D%3D&trk=public_jobs_jserp-result_search-card,"Chennai, Tamil Nadu, India",2024-07-16
Evince Technologies Pvt Ltd,HTML 5 Developer,https://in.linkedin.com/jobs/view/html-5-developer-at-evince-technologies-pvt-ltd-3917305147?position=6&pageNum=0&refId=JV2jUUWD8RVph77PBPhLuQ%3D%3D&trackingId=ZQsJKDGa4U3FGyn4lJjeEg%3D%3D&trk=public_jobs_jserp-result_search-card,"Chennai, Tamil Nadu, India",2024-05-04
Stratonik,Front end Developer,https://in.linkedin.com/jobs/view/front-end-developer-at-stratonik-3593855202?position=7&pageNum=0&refId=JV2jUUWD8RVph77PBPhLuQ%3D%3D&trackingId=Cr0iitzLEeoNNlqVet6wUA%3D%3D&trk=public_jobs_jserp-result_search-card,"Chennai, Tamil Nadu, India",2023-05-05
Raga Designers,Web Developer,https://in.linkedin.com/jobs/view/web-developer-at-raga-designers-3912866780?position=8&pageNum=0&refId=JV2jUUWD8RVph77PBPhLuQ%3D%3D&trackingId=icH%2FxPLuguBYKics%2BgK2Kg%3D%3D&trk=public_jobs_jserp-result_search-card,"Chennai, Tamil Nadu, India",2024-05-01
Twixor,Frontend Developer,https://in.linkedin.com/jobs/view/frontend-developer-at-twixor-3983010225?position=9&pageNum=0&refId=JV2jUUWD8RVph77PBPhLuQ%3D%3D&trackingId=CTxyV%2FucxaMVjAjFTJaW0A%3D%3D&trk=public_jobs_jserp-result_search-card,"Chennai, Tamil Nadu, India",2024-07-01
SilverLine__,Frontend Developer,https://in.linkedin.com/jobs/view/frontend-developer-at-silverline-3983010779?position=10&pageNum=0&refId=JV2jUUWD8RVph77PBPhLuQ%3D%3D&trackingId=ChUV4GXp%2BCfuHtduux%2Bk9w%3D%3D&trk=public_jobs_jserp-result_search-card,"Chennai, Tamil Nadu, India",2024-07-01
Sadup Softech,Frontend Web Developer - HTML5/CSS3,https://in.linkedin.com/jobs/view/frontend-web-developer-html5-css3-at-sadup-softech-3966814798?position=11&pageNum=0&refId=JV2jUUWD8RVph77PBPhLuQ%3D%3D&trackingId=kg97iUgMBPavbOmYlCk1wQ%3D%3D&trk=public_jobs_jserp-result_search-card,"Chennai, Tamil Nadu, India",2024-07-07
Colan Infotech Private Limited,Required Java Developer,https://in.linkedin.com/jobs/view/required-java-developer-at-colan-infotech-private-limited-3983036534?position=12&pageNum=0&refId=JV2jUUWD8RVph77PBPhLuQ%3D%3D&trackingId=K39ebbrPUjgLuVmvaG2ECg%3D%3D&trk=public_jobs_jserp-result_search-card,"Chennai, Tamil Nadu, India",2024-07-01
Cortex Consultants LLC,Java Developer,https://in.linkedin.com/jobs/view/java-developer-at-cortex-consultants-llc-3983619916?position=13&pageNum=0&refId=JV2jUUWD8RVph77PBPhLuQ%3D%3D&trackingId=TTFSKebRaYpchHBabldUqg%3D%3D&trk=public_jobs_jserp-result_search-card,"Chennai, Tamil Nadu, India",2024-07-27
Wedding Wishlist India,Full Stack Developer,https://in.linkedin.com/jobs/view/full-stack-developer-at-wedding-wishlist-india-3656595800?position=14&pageNum=0&refId=JV2jUUWD8RVph77PBPhLuQ%3D%3D&trackingId=PWgcBcTa7BslNbTPRe9Hcg%3D%3D&trk=public_jobs_jserp-result_search-card,"Chennai, Tamil Nadu, India",2023-06-12
Careernet,Web Developer,https://in.linkedin.com/jobs/view/web-developer-at-careernet-3983000405?position=15&pageNum=0&refId=JV2jUUWD8RVph77PBPhLuQ%3D%3D&trackingId=LRXPX2ebIlH0Ki9%2By2GgHA%3D%3D&trk=public_jobs_jserp-result_search-card,"Chennai, Tamil Nadu, India",2024-07-01
LTIMindtree,LTIMindtree Hiring- Java Developer - Chennai!,https://in.linkedin.com/jobs/view/ltimindtree-hiring-java-developer-chennai%21-at-ltimindtree-3966810567?position=16&pageNum=0&refId=JV2jUUWD8RVph77PBPhLuQ%3D%3D&trackingId=PWQvXJDgaE1vAgDk8gX2kw%3D%3D&trk=public_jobs_jserp-result_search-card,"Chennai, Tamil Nadu, India",2024-07-07
Infosys,Java Developer,https://in.linkedin.com/jobs/view/java-developer-at-infosys-3980706217?position=17&pageNum=0&refId=JV2jUUWD8RVph77PBPhLuQ%3D%3D&trackingId=ybNbh6WZkZOXUhqmutBYlQ%3D%3D&trk=public_jobs_jserp-result_search-card,"Chennai, Tamil Nadu, India",2024-07-23
Acurus,Software Developer Trainee,https://in.linkedin.com/jobs/view/software-developer-trainee-at-acurus-3966912781?position=18&pageNum=0&refId=JV2jUUWD8RVph77PBPhLuQ%3D%3D&trackingId=1xl8jJNh72s3w3KWv7kl3w%3D%3D&trk=public_jobs_jserp-result_search-card,"Chennai, Tamil Nadu, India",2024-07-04
Mr. Cooper,Software Engineer,https://in.linkedin.com/jobs/view/software-engineer-at-mr-cooper-3944974590?position=19&pageNum=0&refId=JV2jUUWD8RVph77PBPhLuQ%3D%3D&trackingId=MhuwEx%2BUPJqB3d1e91lrsg%3D%3D&trk=public_jobs_jserp-result_search-card,"Chennai, Tamil Nadu, India",2024-05-15
AIRCITI TOURS & TRAVELS (INDIA) PVT. LTD.,Web Developer,https://in.linkedin.com/jobs/view/web-developer-at-airciti-tours-travels-india-pvt-ltd-3983016079?position=20&pageNum=0&refId=JV2jUUWD8RVph77PBPhLuQ%3D%3D&trackingId=vTTzRz%2F3teebYQzXXAurDQ%3D%3D&trk=public_jobs_jserp-result_search-card,"Chennai, Tamil Nadu, India",2024-07-01
Vizlogic Digital Solutions Pvt. Ltd.,React JS Developer,https://in.linkedin.com/jobs/view/react-js-developer-at-vizlogic-digital-solutions-pvt-ltd-3983040911?position=21&pageNum=0&refId=JV2jUUWD8RVph77PBPhLuQ%3D%3D&trackingId=p7XIX1WGYv3LPFUI7mzuAA%3D%3D&trk=public_jobs_jserp-result_search-card,"Chennai, Tamil Nadu, India",2024-07-01
Zigsaw,Front End Developer,https://in.linkedin.com/jobs/view/front-end-developer-at-zigsaw-3678077577?position=22&pageNum=0&refId=JV2jUUWD8RVph77PBPhLuQ%3D%3D&trackingId=GslV4DdZaMfgJ46N7gSi%2FQ%3D%3D&trk=public_jobs_jserp-result_search-card,"Chennai, Tamil Nadu, India",2023-07-07
Klenty,Front End Developer,https://in.linkedin.com/jobs/view/front-end-developer-at-klenty-3977282667?position=23&pageNum=0&refId=JV2jUUWD8RVph77PBPhLuQ%3D%3D&trackingId=U13CkYazCN5CRZEQv4Qenw%3D%3D&trk=public_jobs_jserp-result_search-card,"Chennai, Tamil Nadu, India",2024-07-17
Everstage,Backend Software Engineer,https://in.linkedin.com/jobs/view/backend-software-engineer-at-everstage-3953541463?position=24&pageNum=0&refId=JV2jUUWD8RVph77PBPhLuQ%3D%3D&trackingId=NNKd57X9rpWg4I6llLO%2Bgg%3D%3D&trk=public_jobs_jserp-result_search-card,"Chennai, Tamil Nadu, India",2024-06-19
YO HR Consultancy,Frontend Developer,https://in.linkedin.com/jobs/view/frontend-developer-at-yo-hr-consultancy-3688172251?position=25&pageNum=0&refId=JV2jUUWD8RVph77PBPhLuQ%3D%3D&trackingId=I05ayrGc1BJaGqtjJrOfog%3D%3D&trk=public_jobs_jserp-result_search-card,"Chennai, Tamil Nadu, India",2023-08-15
ZK Technologies,Java Developer,https://in.linkedin.com/jobs/view/java-developer-at-zk-technologies-3986206022?position=26&pageNum=0&refId=JV2jUUWD8RVph77PBPhLuQ%3D%3D&trackingId=C%2FDMwVXFurCfO2qpMs3S8A%3D%3D&trk=public_jobs_jserp-result_search-card,"Chennai, Tamil Nadu, India",2024-07-27
Blackstraw.ai,Python Developer,https://in.linkedin.com/jobs/view/python-developer-at-blackstraw-ai-3959620872?position=27&pageNum=0&refId=JV2jUUWD8RVph77PBPhLuQ%3D%3D&trackingId=j3nmqWlOVdhL6wF1mZsBIA%3D%3D&trk=public_jobs_jserp-result_search-card,"Chennai, Tamil Nadu, India",2024-07-18
Thiran Technologies,Software Engineer Trainee in Chennai,https://in.linkedin.com/jobs/view/software-engineer-trainee-in-chennai-at-thiran-technologies-3968562938?position=28&pageNum=0&refId=JV2jUUWD8RVph77PBPhLuQ%3D%3D&trackingId=7%2BfZRYKEkgdzOM7bs76z2g%3D%3D&trk=public_jobs_jserp-result_search-card,"Chennai, Tamil Nadu, India",2024-07-05
Neolysi Technologies,Software Developer,https://in.linkedin.com/jobs/view/software-developer-at-neolysi-technologies-3983042890?position=29&pageNum=0&refId=JV2jUUWD8RVph77PBPhLuQ%3D%3D&trackingId=4TPJ1lzM4QZkRQpqKNWMjA%3D%3D&trk=public_jobs_jserp-result_search-card,"Chennai, Tamil Nadu, India",2024-07-01
Cynosure Corporate Solutions,Software Developer Intern,https://in.linkedin.com/jobs/view/software-developer-intern-at-cynosure-corporate-solutions-3979445794?position=30&pageNum=0&refId=JV2jUUWD8RVph77PBPhLuQ%3D%3D&trackingId=wfa5Xbq%2Bc0y67PpdpXIS7w%3D%3D&trk=public_jobs_jserp-result_search-card,"Chennai, Tamil Nadu, India",2024-07-20
Sciflare Technologies Pvt Ltd,Frontend Developer,https://in.linkedin.com/jobs/view/frontend-developer-at-sciflare-technologies-pvt-ltd-3983000513?position=31&pageNum=0&refId=JV2jUUWD8RVph77PBPhLuQ%3D%3D&trackingId=JqYVTW9CimchleTfTrOaVQ%3D%3D&trk=public_jobs_jserp-result_search-card,"Chennai, Tamil Nadu, India",2024-07-01
Colan Infotech Private Limited,Frontend Developer,https://in.linkedin.com/jobs/view/frontend-developer-at-colan-infotech-private-limited-3983041798?position=32&pageNum=0&refId=JV2jUUWD8RVph77PBPhLuQ%3D%3D&trackingId=uM8TaISMN0Q1IpKo%2F2xbyA%3D%3D&trk=public_jobs_jserp-result_search-card,"Chennai, Tamil Nadu, India",2024-07-01
Meril,Senior Embedded Software Engineer,https://in.linkedin.com/jobs/view/senior-embedded-software-engineer-at-meril-3972107826?position=33&pageNum=0&refId=JV2jUUWD8RVph77PBPhLuQ%3D%3D&trackingId=hAylaQsNrBQcLg71csjH%2Fw%3D%3D&trk=public_jobs_jserp-result_search-card,"Chennai, Tamil Nadu, India",2024-07-13
BuildingBlocks Software Services,"Python Developer - Bangalore, Chennai, Coimbatore",https://in.linkedin.com/jobs/view/python-developer-bangalore-chennai-coimbatore-at-buildingblocks-software-services-3593854050?position=34&pageNum=0&refId=JV2jUUWD8RVph77PBPhLuQ%3D%3D&trackingId=iohJcIA%2F4S1jFdho3KWrlw%3D%3D&trk=public_jobs_jserp-result_search-card,"Chennai, Tamil Nadu, India",2023-05-05
Zigsaw,Front End Developer,https://in.linkedin.com/jobs/view/front-end-developer-at-zigsaw-3712716988?position=35&pageNum=0&refId=JV2jUUWD8RVph77PBPhLuQ%3D%3D&trackingId=PWKvOQWIKSqyuT47HT7lvg%3D%3D&trk=public_jobs_jserp-result_search-card,"Chennai, Tamil Nadu, India",2023-08-19
AviinTech Business Solutions,Front-End Web Developer,https://in.linkedin.com/jobs/view/front-end-web-developer-at-aviintech-business-solutions-3952681923?position=36&pageNum=0&refId=JV2jUUWD8RVph77PBPhLuQ%3D%3D&trackingId=mywhcwYM%2FZYt1KRJSCWJbg%3D%3D&trk=public_jobs_jserp-result_search-card,"Chennai, Tamil Nadu, India",2024-06-18
Twixor,Frontend Developer,https://in.linkedin.com/jobs/view/frontend-developer-at-twixor-3983014625?position=37&pageNum=0&refId=JV2jUUWD8RVph77PBPhLuQ%3D%3D&trackingId=R1gG5MQ8BRKWNzwbtVN%2Bmw%3D%3D&trk=public_jobs_jserp-result_search-card,"Chennai, Tamil Nadu, India",2024-07-01
SUVI BUSINESS VENTURE,Frontend Developer,https://in.linkedin.com/jobs/view/frontend-developer-at-suvi-business-venture-3627617388?position=38&pageNum=0&refId=JV2jUUWD8RVph77PBPhLuQ%3D%3D&trackingId=sj44orb7%2Fxu2nuMA%2B85sRg%3D%3D&trk=public_jobs_jserp-result_search-card,"Chennai, Tamil Nadu, India",2023-06-06
Unison Consulting,Python Developer,https://in.linkedin.com/jobs/view/python-developer-at-unison-consulting-3891666324?position=39&pageNum=0&refId=JV2jUUWD8RVph77PBPhLuQ%3D%3D&trackingId=fGbI5vcXQNBTWghdWBBEow%3D%3D&trk=public_jobs_jserp-result_search-card,"Chennai, Tamil Nadu, India",2024-03-15
Contus Tech,Python Developer,https://in.linkedin.com/jobs/view/python-developer-at-contus-tech-3656593967?position=40&pageNum=0&refId=JV2jUUWD8RVph77PBPhLuQ%3D%3D&trackingId=UrvqbGb3ZaFcZsdZG0drTA%3D%3D&trk=public_jobs_jserp-result_search-card,"Chennai, Tamil Nadu, India",2023-06-12
Headsup Corporation,PLSQL Developer- Software Development,https://in.linkedin.com/jobs/view/plsql-developer-software-development-at-headsup-corporation-3946865033?position=41&pageNum=0&refId=JV2jUUWD8RVph77PBPhLuQ%3D%3D&trackingId=bkN65N7EJOObcIGs%2FotbOA%3D%3D&trk=public_jobs_jserp-result_search-card,"Chennai, Tamil Nadu, India",2024-06-10
Dimensions HRD Consultants,Backend developer,https://in.linkedin.com/jobs/view/backend-developer-at-dimensions-hrd-consultants-3850723463?position=42&pageNum=0&refId=JV2jUUWD8RVph77PBPhLuQ%3D%3D&trackingId=94mPnYIojhB%2F%2FJqgbSHziw%3D%3D&trk=public_jobs_jserp-result_search-card,"Chennai, Tamil Nadu, India",2024-03-10
Turf Town,Front End Developer,https://in.linkedin.com/jobs/view/front-end-developer-at-turf-town-3627612910?position=43&pageNum=0&refId=JV2jUUWD8RVph77PBPhLuQ%3D%3D&trackingId=ODfNMEf9N%2Fg9KXzqECuFog%3D%3D&trk=public_jobs_jserp-result_search-card,"Chennai, Tamil Nadu, India",2023-06-06
CavinKare,React Native Developer - iOS/Android Platforms,https://in.linkedin.com/jobs/view/react-native-developer-ios-android-platforms-at-cavinkare-3950372170?position=44&pageNum=0&refId=JV2jUUWD8RVph77PBPhLuQ%3D%3D&trackingId=FtuYiCcmFbvX%2BObQ9vga6Q%3D%3D&trk=public_jobs_jserp-result_search-card,"Chennai, Tamil Nadu, India",2024-06-14
Headsup Corporation,"PLSQL Developer for a 4-year-old, fast growing company, Shift timings - 1.30 Pm to 10.30pm",https://in.linkedin.com/jobs/view/plsql-developer-for-a-4-year-old-fast-growing-company-shift-timings-1-30-pm-to-10-30pm-at-headsup-corporation-3943952360?position=45&pageNum=0&refId=JV2jUUWD8RVph77PBPhLuQ%3D%3D&trackingId=0p1KiWNEvRJTygfaIkc8rA%3D%3D&trk=public_jobs_jserp-result_search-card,"Chennai, Tamil Nadu, India",2024-06-06
Pickyourtrail,Java Developer,https://in.linkedin.com/jobs/view/java-developer-at-pickyourtrail-3627627177?position=46&pageNum=0&refId=JV2jUUWD8RVph77PBPhLuQ%3D%3D&trackingId=A8EuInrE4xw%2BohXSusWZsQ%3D%3D&trk=public_jobs_jserp-result_search-card,"Chennai, Tamil Nadu, India",2023-06-06
Zuci Systems,React JS Developer,https://in.linkedin.com/jobs/view/react-js-developer-at-zuci-systems-3627615069?position=47&pageNum=0&refId=JV2jUUWD8RVph77PBPhLuQ%3D%3D&trackingId=krU2%2FwCOXHED5m70qh%2B18Q%3D%3D&trk=public_jobs_jserp-result_search-card,"Chennai, Tamil Nadu, India",2023-06-06
Colan Infotech Private Limited,Frontend Developer,https://in.linkedin.com/jobs/view/frontend-developer-at-colan-infotech-private-limited-3983022163?position=48&pageNum=0&refId=JV2jUUWD8RVph77PBPhLuQ%3D%3D&trackingId=VKVbwKkNQ%2FMVX8P8SFjhJQ%3D%3D&trk=public_jobs_jserp-result_search-card,"Chennai, Tamil Nadu, India",2024-07-01
Congruent Software Inc.,Full Stack Developer,https://in.linkedin.com/jobs/view/full-stack-developer-at-congruent-software-inc-3987535340?position=49&pageNum=0&refId=JV2jUUWD8RVph77PBPhLuQ%3D%3D&trackingId=ThY%2FbQKnB6UZJyPhUzo5qg%3D%3D&trk=public_jobs_jserp-result_search-card,"Chennai, Tamil Nadu, India",2024-07-30
Qrata,Frontend Developer,https://in.linkedin.com/jobs/view/frontend-developer-at-qrata-3627612998?position=50&pageNum=0&refId=JV2jUUWD8RVph77PBPhLuQ%3D%3D&trackingId=SCJmhWE0as8OlcyCAeMHcg%3D%3D&trk=public_jobs_jserp-result_search-card,"Chennai, Tamil Nadu, India",2023-06-06
YO HR Consultancy,Backend Developer,https://in.linkedin.com/jobs/view/backend-developer-at-yo-hr-consultancy-3593854604?position=51&pageNum=0&refId=JV2jUUWD8RVph77PBPhLuQ%3D%3D&trackingId=gAz2ZoLwoN7wpNcU9s5tfQ%3D%3D&trk=public_jobs_jserp-result_search-card,"Chennai, Tamil Nadu, India",2023-05-05
Gainwell Technologies,Python Developer,https://in.linkedin.com/jobs/view/python-developer-at-gainwell-technologies-3966836688?position=52&pageNum=0&refId=JV2jUUWD8RVph77PBPhLuQ%3D%3D&trackingId=DqHrAhYdk%2FxJeyPkVwjr8w%3D%3D&trk=public_jobs_jserp-result_search-card,"Chennai, Tamil Nadu, India",2024-07-29
Crossbow Labs,Associate Full Stack Developer,https://in.linkedin.com/jobs/view/associate-full-stack-developer-at-crossbow-labs-3973516417?position=53&pageNum=0&refId=JV2jUUWD8RVph77PBPhLuQ%3D%3D&trackingId=t67GgbHo1jlCvlZCLwRETw%3D%3D&trk=public_jobs_jserp-result_search-card,Greater Chennai Area,2024-07-11
Tech Mahindra,Javascript Developer,https://in.linkedin.com/jobs/view/javascript-developer-at-tech-mahindra-3967123933?position=54&pageNum=0&refId=JV2jUUWD8RVph77PBPhLuQ%3D%3D&trackingId=Wxnz9C0cZALtal%2FBx5yK1w%3D%3D&trk=public_jobs_jserp-result_search-card,"Chennai, Tamil Nadu, India",2024-07-08
Infosys,Python Senior Developer,https://in.linkedin.com/jobs/view/python-senior-developer-at-infosys-3980707290?position=55&pageNum=0&refId=JV2jUUWD8RVph77PBPhLuQ%3D%3D&trackingId=OE6G8WwYbdTTJZbLFWhR6g%3D%3D&trk=public_jobs_jserp-result_search-card,"Chennai, Tamil Nadu, India",2024-07-23
Evince Technologies Pvt Ltd,Java Script Developer,https://in.linkedin.com/jobs/view/java-script-developer-at-evince-technologies-pvt-ltd-3917306082?position=56&pageNum=0&refId=JV2jUUWD8RVph77PBPhLuQ%3D%3D&trackingId=x%2F4B84%2BmWM4Ro%2FBU%2BfWm8Q%3D%3D&trk=public_jobs_jserp-result_search-card,"Chennai, Tamil Nadu, India",2024-05-04
VOCO Technologies,Angular Developers,https://in.linkedin.com/jobs/view/angular-developers-at-voco-technologies-3983042151?position=57&pageNum=0&refId=JV2jUUWD8RVph77PBPhLuQ%3D%3D&trackingId=4uT43TOereYkKJTEDO1A8A%3D%3D&trk=public_jobs_jserp-result_search-card,"Chennai, Tamil Nadu, India",2024-07-01
Siam Computing,Python Developer,https://in.linkedin.com/jobs/view/python-developer-at-siam-computing-3761409798?position=58&pageNum=0&refId=JV2jUUWD8RVph77PBPhLuQ%3D%3D&trackingId=ETbUdVXYT6eo%2FutAq%2BoUKA%3D%3D&trk=public_jobs_jserp-result_search-card,"Chennai, Tamil Nadu, India",2023-11-16
Colan Infotech Private Limited,Frontend Developer,https://in.linkedin.com/jobs/view/frontend-developer-at-colan-infotech-private-limited-3983016906?position=59&pageNum=0&refId=JV2jUUWD8RVph77PBPhLuQ%3D%3D&trackingId=OEiO1wJS6FmsU%2BOpzngpng%3D%3D&trk=public_jobs_jserp-result_search-card,"Chennai, Tamil Nadu, India",2024-07-01
Tether.io,AI Engineer (LLM) (100% remote - India),https://in.linkedin.com/jobs/view/ai-engineer-llm-100%25-remote-india-at-tether-io-3952285672?position=60&pageNum=0&refId=JV2jUUWD8RVph77PBPhLuQ%3D%3D&trackingId=YVr7ROLGow0Rz0p9bORR%2Bg%3D%3D&trk=public_jobs_jserp-result_search-card,"Chennai, Tamil Nadu, India",2024-06-17
